Run#, learning_rate, n_estimators
Run #3,1.0,855
Run #4,1.0,1000
Run #5,1.0,1000
Run #6,1.0,209
Run #7,1.0,559
Run #23,0.5735037595535533,197
Run #24,0.15925169151603527,942
Run #31,1.0,1000
Run #32,0.9972965941874041,405
Run #33,1.0,1000
Run #34,0.07695137972627977,468
Run #35,0.010652394011358179,709
Run #60,1.0,271
Run #61,1.0,522
Run #62,1.0,814
Run #63,0.04228468475543447,923
Run #64,1.0,50
