Molecules Remaining,Time needed (s),Total Time passed (min)
3163.0,3.6360767,1.3744808
3162.0,26.6981276,1.3744808
3161.0,44.2373854,1.3744808
3160.0,64.5292238,1.3744808
